{
  "version": 2,
  "builds": [
    {
      "src": "server/index.ts",
      "use": "@vercel/node"
    },
    {
      "src": "client/package.json",
      "use": "@vercel/static-build",
      "config": {
        "buildCommand": "npm run build",
        "outputDirectory": "dist/public"
      }
    }
  ],
  "routes": [
    {
      "src": "/api/(.*)",
      "dest": "server/index.ts"
    },
    {
      "src": "/ws",
      "dest": "server/index.ts"
    },
    {
      "src": "/(.*)",
      "dest": "client/index.html"
    }
  ]
}